id;state;slug;title;short_title;icon;novelty_order;featured_order;teaser_title;teaser_text;detail_title;detail_text;created_at;created_by;updated_at;updated_by;deleted_at;deleted_by;order;seo_text
1;online;adobe-acrobat;Adobe Acrobat;Acrobat;topics/adobe-acrobat.svg;;93;;;;;02.12.22 08:11;;02.12.22 07:11;;;;;
2;online;adobe-after-effects;Adobe After Effects;After Effects;topics/adobe-after-effects.svg;;39;;;;;02.12.22 08:11;;02.12.22 07:11;;;;;
3;online;adobe-audition;Adobe Audition;Audition;topics/adobe-audition.svg;;119;;;;;02.12.22 08:11;;02.12.22 07:11;;;;;
4;online;adobe-bridge;Adobe Bridge;Bridge;topics/adobe-bridge.svg;;151;;;;;02.12.22 08:11;;02.12.22 07:11;;;;;
5;online;adobe-captivate;Adobe Captivate;Captivate;topics/adobe-captivate.svg;;129;;;;;02.12.22 08:11;;02.12.22 07:11;;;;;
6;online;adobe-connect;Adobe Connect;Connect;topics/adobe-connect.svg;;102;;;;;02.12.22 08:11;;02.12.22 07:11;;;;;
7;online;adobe-dreamweaver;Adobe Dreamweaver;Dreamweaver;topics/adobe-dreamweaver.svg;;152;;;;;02.12.22 08:11;;02.12.22 07:11;;;;;
8;online;adobe-framemaker;Adobe FrameMaker;FrameMaker;topics/adobe-framemaker.svg;;121;;;;;02.12.22 08:11;;02.12.22 07:11;;;;;
9;online;adobe-illustrator;Adobe Illustrator;Illustrator;topics/adobe-illustrator.svg;;2;;;;;02.12.22 08:11;;01.06.23 12:41;5;;;;"Du suchst eine Schulung zu Adobe Illustrator? Du möchtest deine Fähigkeiten in diesem Grafikprogramm verbessern und dich weiterbilden? Dann bist du hier genau richtig!

Adobe Illustrator ist eine professionelle Grafiksoftware, die vor allem im Bereich der Vektorgrafik und Illustration eingesetzt wird. Mit Illustrator kannst du Logos, Illustrationen, Grafiken und Layouts erstellen und bearbeiten.

Es ist sinnvoll, gut mit Adobe Illustrator umgehen zu können, da diese Fähigkeiten in vielen Branchen gefragt sind. Ob im Marketing, in der Werbung, im Medien- oder im Designbereich – die Kenntnisse in Illustrator sind ein wertvolles Asset, um sich im Job abzusetzen und sich in einem breiten Anwendungsbereich zu bewerben.

Wir bieten dir Schulungen zu Adobe Illustrator für den Start und für Fortgeschrittene an. Du hast die Wahl zwischen Schulungen vor Ort und unserem Live-Online-Training, das von einem erfahrenen Trainingsteam geleitet wird. Unsere individuellen Schulungen sind auf deine Bedürfnisse und Ziele abgestimmt. Sie ermöglichen dir eine gezielte Weiterbildung. Ein individueller Kurs bietet dir die Möglichkeit, dich auf deine persönlichen Herausforderungen und Schwächen zu konzentrieren und diese gezielt anzugehen. Du hast die Möglichkeit, deine eigenen Projekte und Ideen einzubringen und kannst so direkt auf deine praktischen Anwendungsfälle eingehen.

Außerdem kann der Lehrstoff auf dein vorhandenes Wissen und deine Erfahrungen abgestimmt werden, sodass du nicht wiederholen musst, was du bereits kennst. Du kannst dich auf die Themen konzentrieren, die für dich am relevantesten sind. Unsere Kurse zu Adobe Illustrator bieten dir also eine gezielte Weiterbildung, die auf deine individuellen Bedürfnisse abgestimmt ist und dich effektiv dabei unterstützt, deine Fähigkeiten in diesem Grafikprogramm zu verbessern.

Mit unseren Schulungen lernst du die Funktionen und Möglichkeiten von Adobe Illustrator kennen und verstehen. Du wirst deine eigenen Projekte schneller und effektiver umsetzen können. Melde dich jetzt an und starte deine Schulung zu Adobe Illustrator!"
10;online;adobe-indesign;Adobe InDesign;InDesign;topics/adobe-indesign.svg;;3;;;;;02.12.22 08:11;;01.06.23 12:41;5;;;;"Du möchtest wissen, wie du Druckerzeugnisse in Form von Flyern, Broschüren oder Visitenkarten professionell erstellen kannst? Lerne in unserem Online Kurs die Anwendung InDesign für deinen praktischen Aufgabenbereich kennen.

Adobe InDesign ist das bevorzugte Programmpaket fürs Desktop Publishing im üblichen Print-Bereich sowie für digitale Medien. Gestalte künftig in der Technischen Redaktion eigenständig Layout und Satz für deine Offline Zeitschriften, Webprojekte und sonstigen Print-Produkte.

Die praktikable Software Adobe InDesign ist für alle Layout Profis seit langer Zeit das Standardtool. In der Anfänger:innen Schulung gelangst du zu fundierten Basic Skills für dieses weit verbreitete Druckdesign Werkzeug innerhalb der Werbe- und Medienbranche.

Versierte Kenntnisse in Adobe InDesign unterstützen dich in deiner kreativen Produktivität beim Entwurf hochwertiger Medienerzeugnisse. Überdies wirkt das Adobe Programm problemlos mit anderen leistungsstarken Apps wie Adobe Illustrator, Adobe Acrobat und Adobe Photoshop zusammen. Außer Konkurrenz ist die komfortable Integration des Softwarepakets in die Creative Cloud von Adobe. Erspare dir mit unserem Live-Online-Training in Zukunft viel Aufwand für komplexe Design-Herausforderungen.

Als InDesign Einsteiger:in lernst du anfänglich die souveräne Handhabung der Benutzeroberfläche und die wichtigsten Programmfeatures kennen. Darüber hinaus erhältst du vielfältige Hinweise und Tipps für die richtigen Einstellungen des Programmmoduls.

Unsere praxiserfahrenen Dozent:innen demonstrieren dir während der Live Online Weiterbildung die wesentlichen Nutzungsmöglichkeiten von Adobe InDesign. Zugleich zeigen dir unsere Trainer:innen in schrittweisen Anleitungen, wie typografische Präzision auf Grundlage dieses starken Adobe Tools gelingt. So wirst du Illustrationen und Designs in deinem Berufsleben zügig und gekonnt umsetzen."
11;online;adobe-lightroom;Adobe Lightroom;Lightroom;topics/adobe-lightroom.svg;;144;;;;;02.12.22 08:11;;02.12.22 07:11;;;;;
12;online;adobe-photoshop;Adobe Photoshop;Photoshop;topics/adobe-photoshop.svg;;1;;;;;02.12.22 08:11;;01.06.23 12:40;5;;;;"Wenn es um professionell bearbeitete Fotos geht, kommst du an Adobe Photoshop nicht vorbei. Die Standardsoftware für die digitale Bildbearbeitung gibt es für macOS- als auch für Windows-Betriebssysteme. In unseren Adobe Photoshop Seminaren lernst du die zahlreichen Funktionen kennen. Du erschließt dir nach und nach programmbezogen die Feinheiten der digitalen Bildbearbeitung. Unsere LIVE-Online-Schulungen führen dich von den Grundlagen des Programms ausgehend durch die Bedienung von Adobe Photoshop. Du lernst, wie du Bilder nachbearbeitest, Farben und Licht korrigierst. Auch fortgeschrittene Techniken der Bildbearbeitung bis hin zur Fotomontage werden vermittelt.

Adobe Photoshop ist eine ganze Produktfamilie, die sich rund um die digitale Bildbearbeitung und -erstellung dreht. Damit niemand gleich zu Anfang überfordert wird, haben wir spezielle Adobe Photoshop Kurse für Anfänger:innen aufgestellt, die dir die Grundlagen der Programme innerhalb der Adobe Photoshop Familie nahebringen. Die Seminare für Fortgeschrittene bauen auf diesem Können auf und erlauben dir, immer weiter ins Detail zu gehen. Wenn du die Grundzüge von Adobe Photoshop beherrschst und mehr lernen willst, bist du hier genau richtig! Lass dich von den Beschreibungen leiten. Sie sagen dir, um welche spezielle Funktionen oder einzelne Programme innerhalb der Adobe Photoshop Familie es im Seminar gehen wird. 

Interessiert dich nur ein bestimmtes Programm innerhalb dieses Komplexes? Dann suche dir das entsprechende Spezial-Training aus. Nicht das dabei, was du suchst? Dann buche ein individuelles Adobe Photoshop Training bei uns. Hier kannst du von Schulungstermin bis hin zu Unterrichtszeiten alles so legen, dass es dir garantiert passt. Und natürlich wirst du dabei immer ganz persönlich betreut. Du bestimmst die Lerninhalte – die Adobe Photoshop Schulung ist für dich maßgeschneidert. Lust bekommen? Buche deine Adobe Photoshop Schulung doch einfach sofort!"
13;online;adobe-photoshop-elements;Adobe Photoshop Elements;Photoshop Elements;topics/adobe-photoshop-elements.svg;;42;;;;;02.12.22 08:11;;02.12.22 07:11;;;;;
14;online;c;c;c;topics/c.svg;;0;;;;;02.12.22 08:11;;15.12.22 17:53;;15.12.22 17:53;2;;
15;online;adobe-xd;Adobe XD;XD;topics/adobe-xd.svg;;35;;;;;02.12.22 08:11;;02.12.22 07:11;;;;;
16;online;affinity-designer;Affinity Designer;Affinity Designer;topics/affinity-designer.png;1;137;;;;;02.12.22 08:11;;02.12.22 07:11;;;;;
17;online;affinity-photo;Affinity Photo;Affinity Photo;topics/affinity-photo.png;2;138;;;;;02.12.22 08:11;;02.12.22 07:11;;;;;
18;online;affinity-publisher;Affinity Publisher;Affinity Publisher;topics/affinity-publisher.png;3;139;;;;;02.12.22 08:11;;02.12.22 07:11;;;;;
19;online;agiles-projektmanagement;Agiles Projektmanagement;Agile Projekte;topics/agile.svg;4;107;;;;;02.12.22 08:11;;08.02.23 23:26;2;;;;
20;online;ajax;AJAX;AJAX;topics/ajax.svg;;34;;;;;02.12.22 08:11;;02.12.22 07:11;;;;;
21;online;android;Android;Android;topics/android.svg;;20;;;;;02.12.22 08:11;;01.06.23 12:48;5;;;;"Android wird dir sicherlich ein Begriff sein. Schließlich ist das von Google entwickelte Betriebssystem bereits auf vielen Geräten installiert. Sowohl Nutzung als auch Aktualisierung sind für dich kostenfrei. Ein weiterer Pluspunkt ist die einfache Bedienung. Da die Geräte zumeist ohne Anleitung geliefert werden, haben wir für dich ein Live-Online-Training entwickelt, das dir alle relevanten Features nahebringt. Ziel ist es, dich zu befähigen, das zeitgemäße Betriebssystem bestmöglich zu nutzen und von jedem noch so kleinen Detail zu profitieren. 


Android Weiterbildung für den Start und für Fortgeschrittene 


Android gilt in der Smartphone- und Tablet-Landschaft inzwischen als Standard und ist entsprechend auf vielen Geräten renommierter Hersteller wie Sony und Samsung zu finden. Unsere Android Schulung setzt sich aus mehreren Schwierigkeitsgraden zusammen. Ist dir das Betriebssystem noch gänzlich neu, so empfehlen wir dir einen Kurs, der speziell für den Einstieg designt wurde. Aufgrund der kontinuierlichen Weiterentwicklung der Oberfläche sowie einzelner Features kommt unsere Android Schulung jedoch auch Fortgeschrittenen zugute. Schließlich bleiben wir in Bezug auf Eigenschaften, Besonderheiten und Performance eines Android Tablets bzw. Smartphones immer auf dem neuesten Stand. 


Von der Einrichtung bis hin zur funktionellen Erweiterung: unser Live-Online-Training für Android 

Um das gesamte Potenzial des innovativen Betriebssystems voll ausschöpfen zu können, musst du sämtliche Android-Funktionen kennen. In unserem Kurs lernst du alles, was du für eine optimale Bedienung und Einrichtung wissen musst. Möchtest du dein Gerät beispielsweise durch das Herunterladen von interessanten Apps aus dem Google-Play-Store um einige essenzielle Funktionen bereichern? Wir zeigen dir, wie es geht. Verliere also keine kostbare Zeit, sondern melde dich noch heute zu unserem gewinnbringenden Android Live-Training an."
22;online;angular;Angular;Angular;topics/angular.svg;;7;;;;;02.12.22 08:11;;01.06.23 12:42;5;;;;"Du interessierst dich für Angular und möchtest deine Kenntnisse vertiefen? Dann sind unsere Schulungen perfekt für dich! Wir bieten eine Vielzahl an Angular Schulungen für den Start und für Fortgeschrittene an. Ob online oder live – wir haben für jedes Lernbedürfnis das passende Angebot.

Aber was ist Angular überhaupt? Angular ist ein Open-Source JavaScript-Framework, das von Google entwickelt wurde und vor allem für die Entwicklung von Single-Page-Web-Anwendungen verwendet wird. Es bietet viele Möglichkeiten, um moderne und benutzerfreundliche Web-Anwendungen zu erstellen und ist daher sehr beliebt in der Webentwicklung.

Unsere Angular Schulungen sind für alle geeignet, die sich für das Framework interessieren und ihre Kenntnisse vertiefen möchten. Du kannst zwischen Live-Online-Training oder Präsenzschulungen wähle – je nachdem, was dir besser passt. Sollte das für dich passende Angebot nicht dabei sein, hast du auch die Möglichkeit, eine individuelle Schulung bei uns zu buchen. Hierbei kannst du den Schulungstermin, die Dauer und die Unterrichtszeiten nach deinen persönlichen Bedürfnissen festlegen und erhältst eine individuelle Betreuung durch unser Trainingspersonal. 

Die Vorteile einer individuellen Angular Schulung sind vielfältig: Du kannst selbstständig den Schulungstermin, die Dauer und die Unterrichtszeiten so festlegen. So, wie du es brauchst. Bei einer individuellen Schulung hast du eine 100-prozentig persönliche Betreuung. Du kannst die Lerninhalte genau nach deinen Wünschen und Bedürfnissen zusammenstellen und dich gezielt auf deine eigenen Schwerpunkte konzentrieren. Du lernst Neues und vertiefst deine vorhandenen Kenntnisse. 

Wenn du dich für eine Angular Schulung bei uns interessierst, melde dich einfach bei uns. Wir besprechen gemeinsam, wie wir deine Lernziele am besten erreichen können. Keine Zeit mehr verlieren und loslegen? Melde dich jetzt bei uns und starte deine Angular Weiterbildung."
23;online;apple-keynote;Apple Keynote;Keynote;topics/apple-keynote.svg;;130;;;;;02.12.22 08:11;;08.02.23 23:42;2;;;;
24;online;apple-numbers;Apple Numbers;Numbers;topics/apple-numbers.svg;;126;;;;;02.12.22 08:11;;02.12.22 07:11;;;;;
25;online;asp-net;ASP.NET;ASP.NET;topics/asp-net.svg;;24;;;;;02.12.22 08:11;;02.12.22 07:11;;;;;
26;online;atlassian-confluence;Atlassian Confluence;Confluence;topics/atlassian-confluence.png;5;111;;;;;02.12.22 08:11;;24.02.23 09:53;2;;;;
27;online;atlassian-jira;Atlassian Jira;Jira;topics/atlassian-jira.svg;6;114;;;;;02.12.22 08:11;;02.12.22 07:11;;;;;
28;online;autodesk-3ds-max;Autodesk 3ds Max;3ds Max;topics/autodesk-3ds-max.png;;132;;;;;02.12.22 08:11;;02.12.22 07:11;;;;;
29;online;autodesk-autocad;Autodesk AutoCAD;AutoCAD;topics/autodesk-autocad.png;;11;;;;;02.12.22 08:11;;01.06.23 12:45;5;;;;"Du bist auf der Suche nach einer Schulung für Autodesk AutoCAD? Dann bist du hier genau richtig!

Autodesk AutoCAD ist eine professionelle Software zur Erstellung von technischen Zeichnungen und 3D-Modellen. Sie wird vor allem in den Bereichen Architektur, Bauwesen und Maschinenbau eingesetzt.

Autodesk AutoCAD Schulungen sind für alle geeignet, die sich weiterbilden und ihre Fähigkeiten in der Anwendung von Autodesk AutoCAD verbessern möchten. Egal, ob du erst anfängst oder bereits Erfahrungen mit der Software hast: Es gibt passende Schulungen für jeden Kenntnisstand.

Aber warum solltest du Autodesk AutoCAD lernen? Die Software ist ein unverzichtbares Werkzeug für viele Berufe und bietet zahlreiche Möglichkeiten, deine Karriere voranzutreiben. Mit Autodesk AutoCAD kannst du präzise technische Zeichnungen anfertigen und 3D-Modelle erstellen, die bei der Planung und Umsetzung von Bauprojekten unerlässlich sind.

Wir bieten Autodesk AutoCAD Schulungen in verschiedenen Formen an, damit du die für dich passende Wahl treffen kannst. Du kannst zum Beispiel an unseren Live-Online-Trainings teilnehmen, die von erfahrenen Profis geleitet werden. Diese Schulungen bieten den Vorteil, dass du von überall aus teilnehmen kannst und trotzdem live mit der Schulungsleitung und allen anderen Teilnehmenden interagieren kannst.

Wenn du lieber individuell geschult werden möchtest, bieten wir auch individuelle Autodesk AutoCAD Schulungen an. Diese sind perfekt, wenn du dich auf deine individuellen Bedürfnisse und Lernziele fokussieren möchtest. Unser Training passt sich ganz an deine Bedürfnisse an und wir gehen auf deine Fragen und Anliegen ein.

Egal, für welche Schulung du dich entscheidest – wir sind sicher, dass du mit unseren Autodesk AutoCAD Schulungen deine Fähigkeiten in der Anwendung der Software verbessern und dich für deine Karriere weiterbilden wirst."
30;online;autodesk-autocad-architecture;Autodesk AutoCAD Architecture;AutoCAD Architecture;topics/autodesk-autocad.png;;94;;;;;02.12.22 08:11;;02.12.22 07:11;;;;;
31;online;autodesk-autocad-civil-3d;Autodesk AutoCAD Civil 3D;Civil 3D;topics/autocad-civil.png;;131;;;;;02.12.22 08:11;;08.02.23 23:36;2;;;;
32;online;autodesk-autocad-lt;Autodesk AutoCAD LT;AutoCAD LT;topics/autodesk-autocad.png;;52;;;;;02.12.22 08:11;;02.12.22 07:11;;;;;
33;online;autodesk-autocad-map-3d;Autodesk AutoCAD Map 3D;AutoCAD Map 3D;topics/autodesk-autocad.png;;54;;;;;02.12.22 08:11;;02.12.22 07:11;;;;;
34;online;autodesk-autocad-mechanical-desktop;Autodesk AutoCAD Mechanical Desktop;AutoCAD Mechanical;topics/autodesk-autocad.png;;55;;;;;02.12.22 08:11;;02.12.22 07:11;;;;;
35;online;autodesk-inventor;Autodesk Inventor;Inventor;topics/autodesk-inventor.png;;56;;;;;02.12.22 08:11;;02.12.22 07:11;;;;;
36;online;aws;AWS;AWS;topics/aws.svg;7;15;;;;;02.12.22 08:11;;01.06.23 12:46;5;;;;"Du bist auf der Suche nach AWS Schulungen und möchtest wissen, was AWS eigentlich ist und warum es sich lohnt, eine Schulung in diesem Bereich zu machen? Dann bist du hier richtig!

AWS steht für Amazon Web Services – eine Sammlung von Cloud Computing Diensten, die von Amazon angeboten werden. Mit AWS können Unternehmen und Entwickler auf einfache Weise und ohne großen Aufwand Cloud Computing Dienste nutzen und dadurch ihre IT-Infrastruktur skalieren und optimieren. AWS bietet eine Vielzahl von Diensten an: von der Verwaltung von Datenbanken und dem Hosting von Websites bis hin zur Entwicklung von mobilen Anwendungen.

Eine AWS Schulung bietet dir die Möglichkeit, dich intensiv mit den verschiedenen Diensten von AWS auseinanderzusetzen und dein Wissen darüber zu vertiefen. Eine Schulung in AWS ist sinnvoll, wenn du dich für die Cloud Computing Technologie interessierst oder bereits in einem Job tätig bist, der mit AWS zu tun hat. Sie verbessert deine Fähigkeiten im Umgang mit AWS und qualifiziert dich für neue Herausforderungen und Aufgaben in deinem Beruf.

Es gibt verschiedene Möglichkeiten, an einer AWS Schulung teilzunehmen. Du kannst an einer Schulung vor Ort oder online an einer Schulung teilnehmen. Auch individuelle Schulungen sind möglich, bei denen du die Inhalte der Schulung ganz auf deine Bedürfnisse und Lernziele anpassen kannst.

Insgesamt bietet eine Schulung in AWS viele Vorteile. Du lernst die verschiedenen Dienste von AWS kennen und kannst sie anschließend gezielt einsetzen, um deine IT-Infrastruktur zu optimieren und deine Fähigkeiten im Umgang mit der Cloud Computing Technologie zu verbessern. Auch für deine Karriere bietet eine Schulung in AWS viele Möglichkeiten, da immer mehr Unternehmen auf Cloud Computing setzen und daher Mitarbeiter mit entsprechenden Fähigkeiten suchen."
38;online;blender;Blender;Blender;topics/blender.svg;;51;;;;;02.12.22 08:11;;02.12.22 07:11;;;;;
39;online;blockchain;Blockchain;Blockchain;topics/blockchain.svg;;41;;;;;02.12.22 08:11;;08.02.23 20:11;2;;;;
40;online;bpmn-2;BPMN 2.0;BPMN;topics/bpmn.svg;;45;;;;;02.12.22 08:11;;08.02.23 23:19;2;;;;
41;online;c-sharp;C#;C#;topics/c-sharp.svg;;19;;;;;02.12.22 08:11;;01.06.23 12:47;5;;;;"Berufliche Weiterentwicklung ist heute fundamental. Moderne Software und Medien beschleunigen das Berufsleben. Es ist deshalb wichtig, sich beruflich stets weiter zu qualifizieren.

Dabei spielen Programmiersprachen wie C# eine wichtige Rolle. C# ist ein Produkt von Microsoft, fast überall einsetzbar und gefragt. Mit dieser Programmiersprache lassen sich Anwendungen entwickeln, die auf verschiedene Datenbanken und Systeme zugreifen können. Beispiele hierfür sind unternehmensinterne Programme, die miteinander verknüpft sind. Eine Weiterbildung lohnt sich, da die Anforderungen stetig wachsen und somit immer mehr Fachkräfte benötigt werden.

Für wen eignet sich das C#-Training?

Du entwickelst schon seit Jahren mit C# und hast trotzdem das Gefühl, nicht in allen Bereichen optimal voranzukommen? Wir zeigen dir neue C#-Seiten und helfen dir dabei, deinen C#-Kenntnissen den letzten Schliff zu geben.

In diesem C#-Lernprogramm werden dir die fortgeschrittenen Konzepte und Sprachelemente von C# vorgestellt. Dazu gehören neben einem tieferen Verständnis generischer Typen auch beliebte Techniken wie Multithreading, die Task Parallel Library (TPL) und Reflection.

Dieser Microsoft C#-Kurs basiert auf Visual Studio 2022, C# 11.0 und .NET 7.0, ist aber gleichermaßen für Vorgängerversionen geeignet. Der Kurs eignet sich für erfahrene Softwarearchitekten und Softwareentwickler, die über Grundkenntnisse in C# verfügen oder von einer anderen objektorientierten Programmiersprache wechseln.

Ziele der C#-Schulung

In den letzten Jahren hat sich ihr Anwendungsbereich von C# erheblich um folgende Bereiche erweitert:

• mobile Anwendungen: .NET Core für plattformübergreifende Apps unter Linux, Windows und macOS

• Webanwendungen: die Microsoft Visual Studio-Entwicklungsumgebung unterstützt all diese Verwendungen.

Diese Vielseitigkeit und die klaren Sprachkonzepte haben C# zu einer der beliebtesten Sprachen gemacht. Auch in technischen Anwendungen wird sie immer häufiger eingesetzt und spielt es eine wichtige Rolle.

In dieser Schulung lernst du, wie du zentrale Sprachkonzepte und -elemente für C#-, Windows- und .NET Core-Programme entwickeln und effektiv einsetzen kannst."
42;online;c-plus-plus;C++;C++;topics/c-plus-plus.svg;;13;;;;;02.12.22 08:11;;01.06.23 12:46;5;;;;"Die C++ Schulung richtet sich an Softwareentwickler, die qualitativ hochwertige Software mit maximaler Performance und einer intuitiven Oberfläche entwickeln wollen. Danach programmierst du spürbar effizienter. Deine Programme sind vielseitiger und deine Geräte werden so effizient wie möglich genutzt. Du lernst, deine Programme noch einfacher und übersichtlicher zu strukturieren und damit wartbar und leichter lesbar zu machen.

C++ Programmierschulungen und kompetente Kurse

Die wichtigsten Dienste, die du täglich verwendest, basieren auf C++. Von deinem Mobiltelefon über dein Auto bis hin zu Industrie- und Kommunikationsinfrastruktur, alles enthält C++ Komponenten. C++-Dienste und mbox{Anwendungen} sind in der heutigen Gesellschaft allgegenwärtig. Der Grund ist einfach. Die Sprache C++ hat sich mit ihren Anforderungen weiterentwickelt und ist in vielerlei Hinsicht führend in Programmiereffizienz und Produktivität. Beide Eigenschaften machen es zur Sprache der Wahl für Anwendungen, die skalierbar sein müssen.

Wie keine andere Sprache erkundet C++ das gesamte Spektrum von der Hardwareprogrammierung einerseits bis zur abstrakten High-Level-Programmierung andererseits. Low-Level-Programmierung – zum Beispiel benutzerdefinierte Speicherverwaltung – ermöglicht es dir als Programmierer zu verstehen, was zur Laufzeit tatsächlich passiert. Dies wiederum hilft dir, das Verhalten von Programmen in anderen Sprachen zu verstehen. In C++ kannst du äußerst effiziente Programme schreiben, die nur unwesentlich schneller sind als der Maschinensprachencode, der einen vielfach höheren Entwicklungsaufwand erfordert.

C++ Kurse, um auf dem neuesten Stand zu bleiben

Softwareentwickler müssen immer auf dem neusten Stand der Technik sein, um den gewünschten beruflichen Erfolg zu erzielen. Neue Anwendungsskripte und Programmierbibliotheken auf Basis von C++ oder C erfordern eine gewisse Vertrautheit. Da C++ als schwer zu beherrschende und sehr große Sprache gilt, ist professionelle Hilfe fast unerlässlich. Wer eine Programmiersprache beherrscht, benötigt oft spezifische Anleitungen für sein jeweiliges Anwendungsgebiet. C++ wird unter anderem in virtuellen Maschinen, der Treiberprogrammierung und eingebetteten Systemen verwendet."
43;online;contao;Contao;Conta;topics/contao.svg;;104;;;;;02.12.22 08:11;;02.12.22 07:11;;;;;
44;online;corel-designer;Corel DESIGNER;Corel DESIGNER;topics/corel-designer.svg;;145;;;;;02.12.22 08:11;;02.12.22 07:11;;;;;
45;online;corel-photo-paint;Corel PHOTO-PAINT;PHOTO-PAINT;topics/corel-photo-paint.svg;;57;;;;;02.12.22 08:11;;02.12.22 07:11;;;;;
46;online;coreldraw;CorelDRAW;CorelDRAW;topics/corel-draw.svg;;116;;;;;02.12.22 08:11;;02.12.22 07:11;;;;;
47;online;crystal-reports;Crystal Reports;Crystal Reports;topics/crystal-reports.png;;143;;;;;02.12.22 08:11;;08.02.23 23:44;2;;;;
48;online;css;CSS;CSS;topics/css.svg;;66;;;;;02.12.22 08:11;;02.12.22 07:11;;;;;
49;online;d3-js;D3.js;D3.js;topics/d3-js.svg;;61;;;;;02.12.22 08:11;;02.12.22 07:11;;;;;
50;online;design-thinking;Design Thinking;Design Thinking;topics/design-thinking.svg;;53;;;;;02.12.22 08:11;;02.12.22 07:11;;;;;
51;online;docker;Docker;Docker;topics/docker.svg;8;101;;;;;02.12.22 08:11;;02.12.22 07:11;;;;;
52;online;drupal;Drupal;Drupal;topics/drupal.svg;;155;;;;;02.12.22 08:11;;08.02.23 23:05;2;;;;
53;online;dsgvo;DSGVO;DGSVO;topics/dsgvo.svg;;50;;;;;02.12.22 08:11;;08.02.23 22:36;2;;;;
54;online;facebook;Facebook;Facebook;topics/facebook.svg;;48;;;;;02.12.22 08:11;;23.02.23 18:06;2;;;;
55;online;final-cut-pro;Final Cut Pro;Final Cut;topics/final-cut-pro.png;;134;;;;;02.12.22 08:11;;02.12.22 07:11;;;;;
56;online;gimp;Gimp;Gimp;topics/gimp.svg;;142;;;;;02.12.22 08:11;;02.12.22 07:11;;;;;
57;online;gis;GIS;GIS;topics/geoinformationssysteme.svg;;63;;;;;02.12.22 08:11;;08.02.23 22:33;2;;;;
58;online;git;Git;Git;topics/git.svg;;27;;;;;02.12.22 08:11;;02.12.22 07:11;;;;;
59;online;go-golang;Go/Golang;Go;topics/go-golang.svg;;30;;;;;02.12.22 08:11;;08.02.23 23:15;2;;;;
60;online;google-ads;Google Ads;Google Ads;topics/google-ads.svg;;36;;;;;02.12.22 08:11;;02.12.22 07:11;;;;;
61;online;google-analytics;Google Analytics;Analytics;topics/google-analytics.svg;;38;;;;;02.12.22 08:11;;02.12.22 07:11;;;;;
62;online;google-workspace;Google Workspace;Workspace;topics/google-workspace.svg;9;133;;;;;02.12.22 08:11;;02.12.22 07:11;;;;;
63;online;graphisoft-archicad;Graphisoft ARCHICAD;ARCHICAD;topics/graphisoft-archicad.png;;64;;;;;02.12.22 08:11;;02.12.22 07:11;;;;;
64;online;html;HTML;HTML;topics/html.svg;;12;;;;;02.12.22 08:11;;01.06.23 12:45;5;;;;"Das Kürzel HTML steht für Hypertext Markup Language und ist eine Auszeichnungssprache, die im Internet Verwendung findet. HTML dient dazu, Webseiten strukturiert in einem Browser anzuzeigen. Damit ist es möglich, Tabellen darzustellen, Überschriften zu kennzeichnen oder Aufzählungen zu kreieren. In unserem HTML-Kurs lernst du, wie du HTML richtig anwendest und schreibst. 

Unsere Schulungen eignen sich zum Einstieg in HTML und für Fortgeschrittene. Für den Start in HTML bieten wir dir Kurse an, in denen du die Grundkenntnisse dieser Auszeichnungssprache erwirbst. Dazu zählen beispielsweise Listenformatierungen, Erstellung von Überschriften und die Semantik von HTML. 

In den Schulungen für Fortgeschrittene haben wir ein Live-Online-Training, in dem du bestimmte Feinheiten der HTML-Technik erlernst. Hier erfährst du, wie man Websites für mobile Endgeräte optimiert oder wie man HTML mit CSS am besten kombiniert. 

Wenn du dich für eine Weiterbildung interessierst, kannst du online ein spezielles Training in Anspruch nehmen. Hier siehst du live, welche Extras HTML5 bietet und vieles mehr. Wenn du unsere Spezial-Trainings durchsuchst, findest du sicherlich den für dich passenden Kurs. Außerdem bieten wir dir die Gelegenheit, individuelle Schulungen oder Kurse zu buchen. In diesem Fall hast du die Möglichkeit, die Termine, den genauen Inhalt und die Dauer der Kurse selbst festzulegen.

Individuelle Weiterbildungen haben den Vorteil, dass hier ein persönlicher Coach für dich zur Verfügung steht. Somit kannst du gezielt jene Lerninhalte auswählen, die gerade für dich und deine Anforderungen am besten geeignet sind. Bei uns genießt du jedenfalls eine Qualitätsgarantie, eine Zufriedenheitsgarantie und eine Durchführungsgarantie. Melde dich daher jetzt bei uns!"
65;online;ibm-spss-statistics;IBM SPSS Statistics;IBM SPSS;topics/ibm-spss-statistics.svg;;59;;;;;02.12.22 08:11;;02.12.22 07:11;;;;;
66;online;ios;iOS;iOS;topics/ios.svg;;18;;;;;02.12.22 08:11;;01.06.23 12:47;5;;;;"Hinter der Bezeichnung iOS verbirgt sich das für Apple-Geräte verwendete Betriebssystem.  Zum Einsatz kommt es beim iPhone, iPad, iPod sowie der Apple Watch. In der Praxis bedeutet dies, dass du ausschließlich eigens für Apple programmierte Apps zusammen mit Apple Geräten verwenden kannst. Um die Vorteile des iOS Betriebssystems optimal nutzen zu können, musst du genaue Kenntnisse der einzelnen Eigenschaften und Funktionen aufweisen. 

In unserer iOS Schulung vermitteln wir dir neben essenziellen Grundkenntnissen auch spezielles Know-how für Fortgeschrittene. Nach Abschluss unserer hochwertigen und leicht verständlichen Live Weiterbildung bist du in der Lage, vom iOS Betriebssystem in allen seinen Facetten zu profitieren. 

Live-Online-Training für iOS: ein solides Fundament 

Ein Blick in die Geschichte verdeutlicht die lange und kontinuierliche Entwicklung des iOS Betriebssystems. Seit der Einführung seiner ersten Version im Jahre 2007 hat es mehrere Generationen durchlaufen. Mit Stand vom 30. November 2022 beispielsweise lautet die aktuelle Version 16.1.2. Die regelmäßigen Updates sind ein Garant für eine fortwährende Optimierung und Erweiterung der Eigenschaften und Funktionen. Dass die ständige Aktualisierung für Laien eine kleine Herausforderung darstellen kann, ist nachvollziehbar.  

An dieser Stelle kommt unser Online Training ins Spiel, das dir sowohl die Grundlagen des iOS Betriebssystems als auch besondere Features und Finessen nahebringt.

Generell hast du die Wahl zwischen einem Kurs für den Start und dem Pendant für Fortgeschrittene. Neben wertvollen Tipps zur gewinnbringenden Nutzung in Beruf und Freizeit erhältst du zahlreiche Hintergrundinformationen. Möchtest du endlich das gesamte Potenzial deines Apple Gerätes ausschöpfen, dann melde dich noch heute zu unserer iOS Schulung an."
67;online;java;Java;Java;topics/java.svg;;4;;;;;02.12.22 08:11;;01.06.23 12:41;5;;;;"Java ist eine objektorientierte Programmiersprache, die vor allem im Bereich der Webentwicklung und der Entwicklung von mobilen Anwendungen verwendet wird. Durch ihre plattformübergreifende Funktionalität ist Java sehr beliebt und wird in vielen Unternehmen genutzt. Java ist eine sehr gefragte Programmiersprache und wird in vielen Unternehmen weltweit eingesetzt. Das bedeutet, dass es viele Jobmöglichkeiten im Bereich Java-Entwicklung gibt und die Nachfrage nach Java-Kenntnissen auf dem Arbeitsmarkt hoch ist. Java bietet eine Vielzahl von Bibliotheken und Frameworks, die das Entwickeln von Anwendungen erleichtern. Dies macht es möglich, schneller und effizienter zu entwickeln. Insgesamt ist Java eine mächtige und vielseitige Programmiersprache, die für viele Bereiche der Softwareentwicklung eingesetzt wird und daher immer eine gute Wahl für die Weiterbildung ist.

Du suchst nach einer Schulung, um deine Java-Kenntnisse zu verbessern? Dann bist du bei uns genau richtig! Wir bieten eine Vielzahl an Java Schulungen für den Start und für Fortgeschrittene an. Egal, ob du lieber online oder live lernen möchtest, wir haben für jedes Lernbedürfnis das passende Angebot. Unsere Java Schulungen sind für alle geeignet, die sich für die Programmiersprache interessiert und ihre Kenntnisse vertiefen möchten. Du kannst zwischen verschiedenen Schulungsformaten wählen, wie zum Beispiel Live-Online-Training oder Präsenzschulungen. Sollte das für dich passende Angebot nicht dabei sein, hast du auch die Möglichkeit, eine individuelle Schulung bei uns zu buchen. Hierbei kannst du den Schulungstermin, die Dauer und die Unterrichtszeiten ganz nach deinen Wünschen festlegen und hast die individuelle Betreuung durch unser Trainings-Personal.

Warte nicht länger und melde dich jetzt bei uns! Wir freuen uns darauf, dich in deiner Java Weiterbildung zu unterstützen."
68;online;javascript;JavaScript;JS;topics/javascript.svg;;6;;;;;02.12.22 08:11;;01.06.23 12:43;5;;;;"Unsere JavaScript-Schulungen vermitteln Ihnen das technische und praktische Wissen, das Sie bei der Lösung Ihrer beruflichen Aufgaben unterstützt. Sie profitieren vom umfassenden Wissen unserer praxis- und projekterfahrenen Dozenten.

Wofür sind JavaScript-Kurse nützlich?

Javascript gehört zu den Skriptsprachen und wird hauptsächlich auf Webseiten verwendet. Mit JavaScript können Sie beispielsweise statische Websites mit AJAX dynamisch gestalten und jetzt sogar anspruchsvolle Browsergames erstellen, die mit klassischen Spielen mithalten können.

Außerdem kann JavaScript nun nicht nur clientseitig (im Browser), sondern auch serverseitig verwendet werden. Implementierungen wie Node.js laufen meist im Arbeitsspeicher und bieten daher parallele Ausführungsmöglichkeiten und eine enorme Leistung. 

Es gibt unterschiedliche Anforderungen für Profi-Benutzer, Fortgeschrittene und Anfänger, die Sie mit separaten JavaScript-Tutorials abdecken können. Anwender, die noch kein tiefgreifendes JavaScript-Verständnis haben, lernen im JavaScript-Grundlagenkurs die wichtigsten Grundlagen kennen. Erfahrene Anwender vertiefen ihr Wissen mit einem fachspezifischen JavaScript-Kurs. Fortgeschrittene können im Javascript Structure Workshop zum Experten werden.

Welche JavaScript-Schulung ist die richtige?

Wer Javascript lernen möchte, stößt wegen der entscheidenden Bedeutung der Skriptsprache auf viele Javascript-Seminare. Bei uns sind verschiedene Javascript-Kurse stark vertreten und bieten sowohl Basis- als auch Aufbaukurse, die das Wissen vertiefen und erweitern. Grundsätzlich finden Sie bei Medienreich folgende Javascript-Schulungen:

- Grundkurse: Dieser lehrt die grundlegende Syntax und den Befehlssatz in JavaScript. Die Teilnehmer lernen, wann JavaScript verwendet wird und was Operatoren, Variablen, Arrays, Funktionen und Schleifen sind.

- Fortgeschrittenenkurse: Diese Kurse vertiefen die JavaScript-Kenntnisse, sodass die Teilnehmer beispielsweise eigene Javascript-Anwendungen oder interaktive Steuerungen entwickeln können.

- Kurse für Profis: Für Teilnehmer mit fundierten Javascript-Kenntnissen eröffnen sich viele Anwendungsmöglichkeiten. Im Advanced Javascript Workshop lernen Sie, browserübergreifende Anwendungen zu schreiben oder komplexe interaktive Websites zu programmieren."
69;online;joomla;Joomla!;Joomla!;topics/joomla.svg;;153;;;;;02.12.22 08:11;;02.12.22 07:11;;;;;
70;online;jquery;jQuery;jQuery;topics/jquery.svg;;150;;;;;02.12.22 08:11;;02.12.22 07:11;;;;;
71;online;kanban;Kanban;Kanban;topics/kanban.svg;;83;;;;;02.12.22 08:11;;08.02.23 23:28;2;;;;
72;online;kotlin;Kotlin;Kotlin;topics/kotlin.svg;10;26;;;;;02.12.22 08:11;;02.12.22 07:11;;;;;
73;online;kubernetes;Kubernetes;Kubernetes;topics/kubernetes.svg;11;120;;;;;02.12.22 08:11;;02.12.22 07:11;;;;;
74;online;latex;LaTeX;LaTeX;topics/latex.svg;;75;;;;;02.12.22 08:11;;02.12.22 07:11;;;;;
75;online;libreoffice;LibreOffice;LibreOffice;topics/libreoffice.svg;;156;;;;;02.12.22 08:11;;02.12.22 07:11;;;;;
76;online;linkedin;LinkedIn;LinkedIn;topics/linkedin.svg;;49;;;;;02.12.22 08:11;;24.02.23 10:34;2;;;;
77;online;linux;Linux;Linux;topics/linux.svg;;87;;;;;02.12.22 08:11;;02.12.22 07:11;;;;;
78;online;logic-pro;Logic Pro;Logic Pro;topics/logic-pro.png;;77;;;;;02.12.22 08:11;;02.12.22 07:11;;;;;
79;online;machine-learning;Machine Learning;Machine Learning;topics/machine-learning.svg;;60;;;;;02.12.22 08:11;;08.02.23 22:31;2;;;;
80;online;magento;Magento;Magento;topics/magento.svg;;122;;;;;02.12.22 08:11;;02.12.22 07:11;;;;;
81;online;mariadb;MariaDB;MariaDB;topics/mariadb.svg;;125;;;;;02.12.22 08:11;;02.12.22 07:11;;;;;
82;online;maxon-bodypaint-3d;MAXON BodyPaint 3D;BodyPaint 3D;topics/maxon-bodypaint-3d.png;;78;;;;;02.12.22 08:11;;02.12.22 07:11;;;;;
83;online;maxon-cinema-4d;MAXON Cinema 4D;Cinema 4D;topics/maxon-cinema-4d.png;;65;;;;;02.12.22 08:11;;02.12.22 07:11;;;;;
84;online;microsoft-365;Microsoft 365;Office 365;topics/microsoft-365.svg;;58;;;;;02.12.22 08:11;;02.12.22 07:11;;;;;
85;online;microsoft-access;Microsoft Access;Access;topics/microsoft-access.svg;;76;;;;;02.12.22 08:11;;02.12.22 07:11;;;;;
86;online;microsoft-azure;Microsoft Azure;Azure;topics/microsoft-azure.svg;;9;;;;;02.12.22 08:11;;01.06.23 12:44;5;;;;"Schaffe cloud-basierte Möglichkeiten und fördere eine wachstumsorientierte Denkweise, um die Effektivität in deinem gesamten Unternehmen zu maximieren – von der individuellen Karriereentwicklung bis zu verbesserten Geschäftsergebnissen. Entdecke technische Kurse und Schulungen, personalisierte Schulungsprogramme und Zertifizierungen, die die Leistung deiner Teams steigern.

Microsoft Azure Cloud: Rollenbasierte Azure-Zertifikate

Als zertifizierter Microsoft Partner bieten wir dir offizielle Microsoft Azure Schulungen und Hands-on-Workshops zu Microsoft Cloud Computing mit Azure an. Bei uns erhältst du die Zertifizierungen MS Azure DevOps, Microsoft Azure Fundamentals, MS Azure Security und MS Azure DevOps Server, die dich beruflich weiterbringen und dein Wissen erweitern.

Durch die Zuordnung der Jobrollen – Azure Developer, Azure Administrator, Azure DevOps Engineer, Cloud Architect, Azure Security Expert usw. – erhältst du die perfekte Vorbereitung auf die Microsoft Azure Zertifizierung. Alle unsere Azure-Kurse werden von erfahrenen Azure-Trainern unterrichtet, die ihre Azure-Cloud-Erfahrung auch in die Projekte einbringen.

Deine Ausbildung zum Microsoft Azure Experten

Laut einer Studie von Unisys planen vier von zehn Unternehmen den Wechsel in die Cloud. Das ist kein Wunder, gilt die Cloud doch als Schlüsseltechnologie für die digitale Transformation. Dementsprechend werden Mitarbeiter mit speziellen Kenntnissen im Bereich Entwicklung, Architektur und Administration von Cloud-Plattformen benötigt.

Verpasse nicht den Anschluss und erweitere deine Fähigkeiten mit einem Training, das zu dir und deiner Position passt – natürlich mit Zertifizierung.

Erwerbe mit der Schulung rollenbasierte Microsoft Azure-Zertifikate. Microsoft bietet eine „Microsoft Azure“-Cloud-Lösung an, und der rollenbasierte Zertifizierungspfad konzentriert sich eindeutig auf den Aufbau und das Erlernen von umfassenderem Cloud-Wissen. Dabei sollte ganzheitliches Denken im Vordergrund stehen, nicht nur einzelne Technologien."
87;online;microsoft-excel;Microsoft Excel;Excel;topics/microsoft-excel.svg;;14;;;;;02.12.22 08:11;;01.06.23 12:46;5;;;;"Excel-Schulungen und -Kurse: Lernen für die Praxis

Wir sind ein Full-Service-Anbieter für Microsoft-Excel-Schulungen. Wenn du den professionellen Umgang mit Microsoft Excel erlernen möchtest, sind unsere Schulungen genau das Richtige für dich. Unsere Kurse reichen von klassischen Aufbau- und Einsteigerkursen bis hin zu Aufbauschulungen für Excel Power User mit umfangreichen Excel-Kenntnissen.

In diesen Kursen lernst du, wie du Microsoft Excel effektiv in deiner täglichen Arbeit einsetzen kannst. Die Schulung deckt die grundlegenden Techniken und Inhalte ab, die für die Arbeit mit Diagrammen und Tabellenkalkulationen erforderlich sind. Außerdem erhältst du viele Tipps und Tricks von Praxis zu Praxis.

Für jede Zielgruppe gibt es passende Kurse, Schulungen und Seminare zu Microsoft Excel. Als Einsteiger erhältst du in den Microsoft-Excel-Anfängerkursen ein grundlegendes Verständnis von Zellen, Spalten und Zeilen und lernst einfache Zellformate und Formeln kennen. 

Weiterbildung in Tabellenkalkulationen und Microsoft Excel

Das weltweit beliebteste Tabellenkalkulationsprogramm ist Microsoft Excel. Microsoft Excel wird unternehmens- und branchenübergreifend auf unterschiedliche Weise eingesetzt. Microsoft Excel wird am häufigsten verwendet, um Daten aufzuzählen, zu verarbeiten und zu analysieren.

Microsoft Excel bietet jedoch viel mehr Möglichkeiten. Nimm an einer Microsoft-Excel-Schulung teil und verbessere deine Excel-Kenntnisse, um das Erstellen von Diagrammen und Tabellen oder die Verwendung von Funktionen zu vereinfachen. In Unternehmen kann Microsoft Excel auch zur Verwaltung von Umsätzen, Budgets oder zur Verwaltung von Kundendaten, Arbeitszeiten usw. verwendet werden.

Du möchtest deine Kenntnisse in der VBA-Programmierung vertiefen oder Pivot- und Excel-Tabellen sowie Logikfunktionen erstellen? Dann nimm an einem spezialisierten Microsoft-Excel-Workshop für Fortgeschrittene teil. Buche jetzt einen Excel-Kurs!"
88;online;microsoft-exchange-server;Microsoft Exchange Server;Exchange Server;topics/microsoft-exchange-server.svg;;85;;;;;02.12.22 08:11;;02.12.22 07:11;;;;;
89;online;microsoft-onenote;Microsoft OneNote;OneNote;topics/microsoft-onenote.svg;;128;;;;;02.12.22 08:11;;02.12.22 07:11;;;;;
90;online;microsoft-outlook;Microsoft Outlook;Outlook;topics/microsoft-outlook.svg;;32;;;;;02.12.22 08:11;;02.12.22 07:11;;;;;
91;online;microsoft-power-bi;Microsoft Power BI;Power BI;topics/microsoft-power-bi.svg;12;73;;;;;02.12.22 08:11;;02.12.22 07:11;;;;;
92;online;microsoft-powerpoint;Microsoft PowerPoint;PowerPoint;topics/microsoft-powerpoint.svg;;67;;;;;02.12.22 08:11;;02.12.22 07:11;;;;;
93;online;microsoft-project;Microsoft Project;MS Project;topics/microsoft-project.svg;;28;;;;;02.12.22 08:12;;02.12.22 07:12;;;;;
94;online;microsoft-sharepoint;Microsoft SharePoint;SharePoint;topics/microsoft-sharepoint.svg;;148;;;;;02.12.22 08:12;;02.12.22 07:12;;;;;
95;online;microsoft-sql-server;Microsoft SQL-Server;SQL-Server;topics/microsoft-sql-server.svg;;86;;;;;02.12.22 08:12;;02.12.22 07:12;;;;;
96;online;microsoft-teams;Microsoft Teams;Teams;topics/microsoft-teams.svg;13;95;;;;;02.12.22 08:12;;02.12.22 07:12;;;;;
97;online;microsoft-visio;Microsoft Visio;Visio;topics/microsoft-visio.svg;;118;;;;;02.12.22 08:12;;02.12.22 07:12;;;;;
98;online;microsoft-windows;Microsoft Windows;Windows;topics/microsoft-windows.svg;;43;;;;;02.12.22 08:12;;02.12.22 07:12;;;;;
99;online;microsoft-word;Microsoft Word;Word;topics/microsoft-word.svg;;16;;;;;02.12.22 08:12;;01.06.23 12:46;5;;;;"Microsoft Word ist ein grundlegender Teilbereich der Microsoft Office Software – unentbehrlich für Text- und Seitengestaltungen. Ob für die Arbeit im Büro, für daheim oder unterwegs – das Textverarbeitungsprogramm von Microsoft Word für Windows und Mac ist die Rundum-Lösung für deine strukturierten Textinhalte. Welche Möglichkeiten dir das Word-Programm eröffnet, erfährst du in unseren Microsoft Word Schulungen. Unsere intelligent aufgebauten Weiterbildungskurse zeigen dir live, wie du mit Microsoft Word effizient und professionell alle anstehenden digitalen Arbeiten erledigst und damit deine Produktivität steigerst. Nutze das breit gefächerte Potenzial von Microsoft Word, um professionell formatierte Dokumente, Broschüren, Finanzberichte, Formulare, Einladungen oder Präsentationen und viele andere Drucksachen deinen Anforderungen nach zu erstellen.

Ganz gleich, ob du neu in der multifunktionalen Umgebung von Microsoft Word bist oder bereits Kenntnisse in diesem Bereich besitzt: Wir haben die maßgeschneiderte Word-Online-Schulung für dein Leistungsniveau. Im Präsenzunterricht oder Live-Online-Training wirst du die von Word unterstützten Dateiformate kennenlernen, um Texterstellungen über die Word-Textverarbeitungsprogramme zu optimieren. Du erfährst, wie du Dokumente mithilfe von Textformatierung, Textkorrektur, Seitenlayout und dem Hinzufügen von Tabellen und Tabulatoren perfektionierst. Der Lehrinhalt umfasst ebenfalls das Erlernen tiefgreifender Einsatzmöglichkeiten wie Vorlagen, Seriendruck, Bildbearbeitungsprozesse, grafische Elemente oder Schnellbausteine und hilfreiche Tastenkombinationen. 

Du wirst umgehend in der Lage sein, Texte, Dokumente und Kreationen auf OneDrive zu speichern und sofort auf deinen anderen Endgeräten abzurufen. Wir offerieren unsere Microsoft-Word-Kurse sowohl als offene Schulungen als auch in Form von Firmenschulungen. Du interessierst dich für einen Privatkurs? Wähle einen maßgeschneiderten Einzelcoaching-Kurs, der sich ganz nach deinen individuellen Lernanforderungen richtet!"
100;online;mindmanager;MindManager;MindManager;topics/mindmanager.png;;140;;;;;02.12.22 08:12;;02.12.22 07:12;;;;;
101;online;mongodb;MongoDB;MongoDB;topics/mongodb.svg;;62;;;;;02.12.22 08:12;;02.12.22 07:12;;;;;
102;online;moodle;Moodle;Moodle;topics/moodle.svg;14;117;;;;;02.12.22 08:12;;02.12.22 07:12;;;;;
103;online;mysql;MySQL;MySQL;topics/mysql.svg;;69;;;;;02.12.22 08:12;;02.12.22 07:12;;;;;
104;online;nemetschek-allplan;Nemetschek Allplan;Allplan;topics/nemetschek-allplan.svg;;123;;;;;02.12.22 08:12;;02.12.22 07:12;;;;;
105;online;nemetschek-vectorworks;Nemetschek Vectorworks;Vectorworks;topics/nemetschek-vectorworks.png;;146;;;;;02.12.22 08:12;;02.12.22 07:12;;;;;
106;online;nlp;NLP;NLP;topics/nlp.svg;;79;;;;;02.12.22 08:12;;02.12.22 07:12;;;;;
107;online;node-js;node.js;node.js;topics/node-js.svg;15;5;;;;;02.12.22 08:12;;01.06.23 12:43;5;;;;"Schulungen und Kurse zu node.js

Unsere Node.js-Schulungen vermittelt dir das fachliche und praktische Wissen, das du für deine beruflichen Anforderungen benötigst. Du profitierst vom umfassenden Wissen unserer praxis- und projekterfahrenen Dozenten. 

Node.js ist ein Framework, das Javascript serverseitig macht. Der Node.js-Einführungskurs zielt darauf ab, die Teilnehmer in die Lage zu versetzen, serverseitige JavaScript-Anwendungen zu entwickeln. Der Kurs konzentriert sich auf die Installation von Node.js, die Integration und Konfiguration von Modulen für verteilte Serveranwendungen.

Entwickler aus verschiedenen Bereichen sind die Zielgruppe dieser Schulung

Warum ist Node.js eine gute Wahl für dein ambitioniertes Webprojekt? Node.js hat sich seit Langem als ernsthafte Plattform für skalierbare (nicht nur unternehmensweite) serverseitige JavaScript-Anwendungen etabliert. Moderne technologische Paradigmen und Konzepte machen Node.js zu einem einzigartigen Werkzeug für die Entwicklung von Hochleistungsanwendungen. Aktualisiere deine Skills: Unsere Experten zeigen dir den Weg in die Welt von demand und npm.

Nach dem Kurs kannst du Webanwendungen erstellen, die serverseitig ausgeführt werden. Viele Beispiele erleichtern die Umsetzung einer eigenen Anwendung. Nach der Schulung wissen die Teilnehmer, wie sie Datenbankzugriffe einbetten können. Du wirst feststellen, dass Node.js am besten für Operationen mit extremen Arbeitslasten geeignet ist.

Skalierbare Webanwendungen mit serverseitigem JavaScript

Node.js ist eine serverseitige JavaScript-Entwicklungsplattform für Unternehmensanwendungen. Es bietet eine effiziente Konnektivität zu externen Ressourcen wie Dateisystem und Netzwerk und basiert auf einem der schnellsten JavaScript-Compiler.

Da Node.js auf JavaScript basiert, sind die Einstiegshürden entsprechend niedrig. Node.js ist jedoch eine technisch ausgereifte Plattform und zeigt seine Stärken für performante Echtzeitanwendungen mit JavaScript als Skriptsprache kombiniert mit asynchroner Programmierung oder HTML5-Technologien."
108;online;oop;OOP;OOP;topics/oop.svg;;70;;;;;02.12.22 08:12;;08.02.23 23:27;2;;;;
109;online;openoffice-writer;OpenOffice Writer;OpenOffice Writer;topics/openoffice.svg;;72;;;;;02.12.22 08:12;;02.12.22 07:12;;;;;
110;online;oracle;Oracle;Oracle;topics/oracle.svg;;92;;;;;02.12.22 08:12;;02.12.22 07:12;;;;;
111;online;paintshop-pro;PaintShop Pro;PaintShop Pro;topics/paintshop-pro.webp;;82;;;;;02.12.22 08:12;;02.12.22 07:12;;;;;
112;online;php;PHP;PHP;topics/php.svg;;44;;;;;02.12.22 08:12;;02.12.22 07:12;;;;;
113;online;postgresql;PostgreSQL;PostgreSQL;topics/postgresql.svg;;113;;;;;02.12.22 08:12;;02.12.22 07:12;;;;;
114;online;powershell;PowerShell;PowerShell;topics/powershell.png;;136;;;;;02.12.22 08:12;;02.12.22 07:12;;;;;
115;online;prezi-next;Prezi Next;Prezi Next;topics/prezi-next.svg;;135;;;;;02.12.22 08:12;;08.02.23 22:49;2;;;;
116;online;python;Python;Python;topics/python.svg;;33;;;;;02.12.22 08:12;;02.12.22 07:12;;;;;
117;online;qlikview;QlikView;QlikView;topics/qlikview.svg;;80;;;;;02.12.22 08:12;;02.12.22 07:12;;;;;
118;online;quarkxpress;QuarkXPress;QuarkXPress;topics/quarkxpress.svg;;115;;;;;02.12.22 08:12;;02.12.22 07:12;;;;;
119;online;react;React;React;topics/react.svg;16;10;;;;;02.12.22 08:12;;01.06.23 12:44;5;;;;"React ist eine Open-Source-JavaScript-Bibliothek für das Erstellen von Benutzer-Oberflächen in HTML. Architekturmerkmale sind unidirektionaler virtuelles DOM und Datenfluss. React und Redux haben sich mittlerweile als beliebte Kombination etabliert. Es wird von Unternehmen wie Instagram, Facebook, PayPal, AirBnB und  NetFlix verwendet.

Programmierung komplexer Webanwendungen mit React

React ist mit Abstand das beliebteste Framework für moderne Webanwendungen. Zahlreiche namhafte Unternehmen setzen bei ihren Schnittstellen auf React. Wieso? Viele ältere Webanwendungen sammeln im Laufe der Zeit eine Menge schwer zu wartenden und zwingenden Code an. React mach es viel einfacher, einfacheren und wiederverwendbaren Code zu schreiben.

Revolutionärer Ansatz: Das Webinterface wird in kleine gekapselte Benutzeroberflächenkomponenten aufgeteilt. Die Programmierung der einzelnen Komponenten erfolgt dann mit der HTML-ähnlichen Deklarationssprache JSX. React kümmert sich um effizientes Rendern und weiß, wann welche Komponente neu gerendert werden muss. Am Ende fügen sich die einzelnen Komponenten wie Puzzleteile zum großen Ganzen zusammen: dem User Interface.

Moderne Softwareentwicklung mit React

React ist eine wesentliche Grundlage für viele Single-Page-Apps, iPhone-, Android- und Unternehmens-Apps. Lerne mit Medienreich die professionelle Entwicklung mit React von unseren Trainern – erfahrenen Softwarearchitekten und -entwicklern – von den Grundlagen bis hin zu praktischen Tipps und fortgeschrittenen Techniken.

ReactJS ist eine beliebte Open-Source-JavaScript-Bibliothek zur Entwicklung komponentenbasierter Benutzeroberflächen für interaktive Websites. Ursprünglich von Facebook entwickelt, verfolgt es einen radikalen „Einweg-Datenfluss“-Ansatz, da React entscheidet, welche Teile der Website neu gerendert werden müssen, wenn sich die Daten ändern.

In diesem React-Kurs lernst du, wie du mit React wiederverwendbare UI-Komponenten entwickelst und damit ganze Anwendungen selbst erstellst."
120;online;rhino;Rhino;Rhino;topics/rhino.png;;112;;;;;02.12.22 08:12;;02.12.22 07:12;;;;;
121;online;salesforce;Salesforce;Salesforce;topics/salesforce.svg;;40;;;;;02.12.22 08:12;;08.02.23 20:09;2;;;;
122;online;scrum;Scrum;Scrum;topics/scrum.svg;17;46;;;;;02.12.22 08:12;;08.02.23 22:24;2;;;;
123;online;shopware;Shopware;Shopware;topics/shopware.svg;18;88;;;;;02.12.22 08:12;;02.12.22 07:12;;;;;
124;online;sistrix;SISTRIX;SISTRIX;topics/sistrix.svg;;81;;;;;02.12.22 08:12;;02.12.22 07:12;;;;;
125;online;slack;Slack;Slack;topics/slack.svg;19;8;;;;;02.12.22 08:12;;01.06.23 12:43;5;;;;"Ob im Homeoffice, bei der Projektarbeit oder im Austausch mit Kolleg:innen am anderen Ende der Welt – ortsunabhängige digitale Zusammenarbeit ist heute wichtiger denn je. Die Kollaborationsplattform Slack ist dafür weltweit eines der beliebtesten Tools. Mit Slack kannst du bedarfsgerecht online kommunizieren, Workflows organisieren und Inhalte teilen. Wie du Slack dabei optimal nutzt, erfährst du in unseren Slack Schulungen.

Wir bieten unser Slack Live-Online-Training sowohl für Anwender:innen als auch für Administrator:innen an. Als Anwender:in lernst du Slack im Kurs Schritt-für-Schritt kennen. Du erhältst Einstiegsinformationen zum Umgang mit dem Programm und dessen Möglichkeiten. Du erfährst, wie du Kanäle nutzt, wie die verschiedenen Kommunikationsmöglichkeiten bei Slack funktionieren und wie du Inhalte mit anderen Nutzer:innen teilen kannst. Unser Training zeigt dir, wie du innerhalb der Slack-Workspaces Projekte und Arbeitsabläufe organisierst. Außerdem erhältst du im Kurs professionelle Praxistipps zu weiteren wichtigen Funktionen von Slack wie der Suchfunktion oder der Integration von Drittanbieter-Tools.

Du möchtest Slack für dein Unternehmen oder deine Projektarbeit nutzen und dabei selbst die Administration übernehmen? Dann empfehlen wir dir unseren Slack-Online-Kurs für Administrator:innen. Auch in dieser Schulung starten wir mit dem Slack-Grundwissen, um dir eine gute Basis zu bieten. Dann legen wir den Fokus auf die Konfiguration und Verwaltung. Du lernst, wie du Slack entsprechend der Bedürfnisse deines Teams konfigurieren kannst, welche organisatorischen Möglichkeiten dir das Programm bietet und wie du sie dir zunutze machst. Dabei vermitteln wir zusätzlich wichtiges Hintergrundwissen zur Umsetzung des Datenschutzes bei der Slack-Nutzung. Und selbstverständlich bekommst du auch in diesem Kurs von unseren professionellen Online-Trainer:innen viele nützliche Zusatztipps für den alltäglichen Umgang mit Slack."
126;online;solidworks;SolidWorks;SolidWorks;topics/solidworks.svg;;149;;;;;02.12.22 08:12;;23.02.23 18:56;2;;;;
127;online;spring;Spring;Spring;topics/spring.svg;;31;;;;;02.12.22 08:12;;02.12.22 07:12;;;;;
128;online;sql;SQL;SQL;topics/sql.svg;;47;;;;;02.12.22 08:12;;24.02.23 10:22;2;;;;
129;online;swift;Swift;Swift;topics/swift.svg;;29;;;;;02.12.22 08:12;;02.12.22 07:12;;;;;
130;online;tableau;Tableau;Tableau;topics/tableau.svg;20;147;;;;;02.12.22 08:12;;02.12.22 07:12;;;;;
131;online;think-cell;think-cell;think-cell;topics/think-cell.png;;141;;;;;02.12.22 08:12;;02.12.22 07:12;;;;;
132;online;trimble-sketchup;Trimble SketchUp;SketchUp;topics/trimble-sketchup.svg;;127;;;;;02.12.22 08:12;;02.12.22 07:12;;;;;
133;online;twitter;Twitter;Twitter;topics/twitter.svg;;154;;;;;02.12.22 08:12;;02.12.22 07:12;;;;;
134;online;typescript;TypeScript;TypeScript;topics/typescript.svg;;23;;;;;02.12.22 08:12;;02.12.22 07:12;;;;;
135;online;typo3;TYPO3;TYPO3;topics/typo3.svg;;68;;;;;02.12.22 08:12;;02.12.22 07:12;;;;;
136;online;unity;Unity;Unity;topics/unity.svg;;89;;;;;02.12.22 08:12;;02.12.22 07:12;;;;;
137;online;unix;Unix;Unix;topics/unix;;90;;;;;02.12.22 08:12;;22.05.23 14:40;5;;;;
138;online;unreal-engine;Unreal Engine;Unreal Engine;topics/unreal-engine.svg;;106;;;;;02.12.22 08:12;;02.12.22 07:12;;;;;
139;online;veeam;Veeam;Veeam;topics/veeam.svg;;96;;;;;02.12.22 08:12;;02.12.22 07:12;;;;;
140;online;vmware;vmware;vmware;topics/vmware.png;;108;;;;;02.12.22 08:12;;02.12.22 07:12;;;;;
141;online;vpn;VPN;VPN;topics/vpn.svg;;98;;;;;02.12.22 08:12;;23.02.23 18:48;2;;;;
142;online;wordpress;WordPress;WordPress;topics/wordpress.svg;;17;;;;;02.12.22 08:12;;01.06.23 12:47;5;;;;"Wordpress ist der Marktführer, wenn es um das Erstellen von Websites geht. Einst als reines Blogsystem gestartet, ist es heute das meistgenutzte CMS-System. Es wird sowohl von Privatpersonen als auch Unternehmen für Ihre Webpräsenz genutzt. In unseren praxisorientierten Wordpress Seminaren lernst du alles, was für die Erstellung einer professionellen Website notwendig ist. In unseren Live-Schulungen für die freie Software Wordpress vermitteln wir dir fundierte Basiskenntnisse und den Umgang mit vielerlei Plugins, mit denen eine moderne Website auch ganz ohne Programmierkenntnisse möglich ist. 

Unsere Wordpress Online Schulungen sind für den Einstieg perfekt geeignet. Sie halten aber auch viele neue und praktische Tipps für erfahrene Wordpress-User bereit. In unserem Wordpress Kurs für Anwender lernst du, wie du statische Inhalte sowie redaktionelle Beiträge und Artikel erstellen und bearbeiten kannst. Auch die Einbindung externer Inhalte, Bilder sowie die Strukturierung der Beiträge durch Kategorien ist ein Bestandteil unseres Live Seminars. 

Eine weitere Wordpress Schulung richtet sich an Administratoren. In dieser Schulung vermitteln wir dir Profiwissen für die Einrichtung und Administration einer Wordpress Website. Von der Einrichtung der Datenbank über die Verteilung von Rollen und Benutzern bis hin zum Installation von Plugins leiten wir dich Schritt für Schritt durch die wichtigsten Punkte für die Verwendung von nahezu allen Funktionen des Content Management Systems Wordpress. Praxisnahe Vorgehensweisen zur Sicherheit, der Durchführung von Updates und der Erstellung von Backups (Datensicherungen) runden das Online-Seminar ab. Den Kurs für Administratoren bieten wir auch gern als unternehmensinternes individuelles Training in unseren vollausgestatteten Schulungsräumen vor Ort oder in deinem Unternehmen an."
143;online;xing;XING;XING;topics/xing.svg;;100;;;;;02.12.22 08:12;;02.12.22 07:12;;;;;
144;online;xml;XML;XML;topics/xml.svg;;124;;;;;02.12.22 08:12;;08.02.23 22:39;2;;;;
145;online;youtube;YouTube;YouTube;topics/youtube.svg;;110;;;;;02.12.22 08:12;;02.12.22 07:12;;;;;
146;online;adobe-animate;Adobe Animate;Animate;topics/adobe-animate.svg;;25;;;;;02.12.22 08:12;;02.12.22 07:12;;;;;
147;online;adobe-premiere;Adobe Premiere;Premiere;topics/adobe-premiere.svg;;37;;;;;02.12.22 08:12;;02.12.22 07:12;;;;;
148;online;datenschutz;Datenschutz;Datenschutz;topics/datenschutz.svg;;91;;;;;02.12.22 08:12;;08.02.23 23:23;2;;;;
149;online;barrierefreie-websites;Barrierefreie Websites;Barrierefreie Websites;topics/barrierefreie-website.svg;;105;;;;;02.12.22 08:12;;08.02.23 22:38;2;;;;
150;online;e-commerce;E-Commerce;E-Commerce;topics/e-commerce.svg;;84;;;;;02.12.22 08:12;;08.02.23 23:22;2;;;;
151;online;kollaborationstools;Kollaborationstools;Kollaborationstools;topics/kollaborationstools.svg;;22;;;;;02.12.22 08:12;;08.02.23 23:21;2;;;;
152;online;kryptowährungen;Kryptowährungen;Kryptowährungen;topics/bitcoin.svg;;71;;;;;02.12.22 08:12;;02.12.22 07:12;;;;;
153;online;libre-office-calc;LibreOffice Calc;LibreOffice Calc;topics/libre-office-calc.svg;;97;;;;;02.12.22 08:12;;02.12.22 07:12;;;;;
154;online;libre-office-writer;LibreOffice Writer;LibreOffice Writer;topics/libre-office-writer.svg;;103;;;;;02.12.22 08:12;;02.12.22 07:12;;;;;
155;online;newsletter;Newsletter;Newsletter;topics/newsletter.svg;;109;;;;;02.12.22 08:12;;08.02.23 23:32;2;;;;
156;online;onlinemarketing;Onlinemarketing;Onlinemarketing;topics/online-marketing.svg;;21;;;;;02.12.22 08:12;;23.02.23 17:35;2;;;;
157;online;openoffice-calc;OpenOffice Calc;OpenOffice Calc;topics/openoffice-calc.svg;;74;;;;;02.12.22 08:12;;02.12.22 07:12;;;;;
158;online;Suchmaschinenoptimierung (SEO);Suchmaschinenoptimierung (SEO);SEO;topics/seo.svg;;99;;;;;02.12.22 08:12;;08.02.23 23:28;2;;;;
159;online;soft-skills;Soft Skills;Soft Skills;topics/train-the-trainer.svg;;;;;;;02.12.22 08:12;;23.02.23 18:59;2;;;;
160;online;splunk;Splunk;Splunk;topics/splunk;;;;;;;23.03.23 09:48;6;23.03.23 09:48;6;;;;
161;online;monday;Monday;Monday;topics/monday;;;;;;;23.03.23 17:16;6;23.03.23 17:16;6;;;;
162;online;matomo-analytics;Matomo Analytics;Matomo Analytics;topics/matomo-analytics;;;;;;;23.03.23 17:22;6;23.03.23 17:22;6;;;;
163;online;jira -einführung;Jira - Einführung;Jira;topics/jira;;;;;;;23.03.23 17:28;6;27.04.23 16:05;6;27.04.23 16:05;5;;
164;online;jira-fortschritt;Jira;Jira-Fortschritt;topics/jira;;;;;;;23.03.23 17:51;6;27.04.23 16:05;6;27.04.23 16:05;5;;
165;online;ansible;Ansible;Ansible;topics/ansible;;;;;;;23.03.23 18:00;6;23.03.23 18:00;6;;;;
166;online;apache-hadoop;Apache Hadoop;Hadoop;topics/apache Hadoop;;;;;;;23.03.23 18:08;6;23.03.23 18:08;6;;;;
167;online;confluence-einführung;Confluence-Einführung;Confluence;topics/confluence;;;;;;;23.03.23 18:28;6;27.04.23 16:05;6;27.04.23 16:05;5;;
168;online;confluence-fortschritt;Confluence-Fortschritt;Confluence;topics/confluence;;;;;;;23.03.23 18:30;6;27.04.23 16:04;6;27.04.23 16:04;5;;
169;online;datev;Datev;Datev;topics/datev;;;;;;;23.03.23 18:34;6;04.04.23 14:27;5;;;;
170;online;arcgis;ArcGIS;ArcGIS;topics/arcgis;;;;;;;23.03.23 19:11;6;22.05.23 14:41;5;;;;
171;online;github;GitHub;GitHub;topics/github;;;;;;;23.03.23 19:12;6;23.03.23 19:12;6;;;;
172;online;gitlab;GitLab;GitLab;topics/gitlab;;;;;;;23.03.23 19:15;6;23.03.23 19:15;6;;;;
173;online;labview;LabVIEW;LabVIEW;topics/labview;;;;;;;23.03.23 19:18;6;23.03.23 19:18;6;;;;
174;online;r-programmierung;R-Programmierung;R;topics/r-programmierung;;;;;;;23.03.23 19:23;6;23.03.23 19:23;6;;;;
175;online;spring-boot;Spring-Boot;Spring-Boot;topics/spring;;;;;;;23.03.23 19:26;6;27.04.23 16:06;6;27.04.23 16:06;5;;
176;online;adobe-cc-architekt-innen;Adobe-CC-Architekt-innen;CC;topics/adobe-cc-architekt-innen;;;;;;;27.03.23 17:56;6;27.04.23 16:04;6;27.04.23 16:04;5;;
177;online;adobe-cc;Adobe Creative Cloud;Adobe CC;topics/adobe-cc-komplett;;;;;;;27.03.23 18:06;6;27.04.23 16:04;5;;;;
178;online;aem-adobe-experience-manager;Adobe Experience Manager;AEM;topics/aem-adobe-experience-manager;;;;;;;27.03.23 18:10;6;27.04.23 16:04;5;;;;
179;online;affinity;Affinity;Affinity;topics/affinity;;;;;;;27.03.23 18:29;6;22.05.23 14:45;5;;;;
180;online;affinity-kompaktkurs;Affinity-Kompaktkurs;Affinity-Kompaktkurs;;;;;;;;27.03.23 18:30;6;27.04.23 16:02;6;27.04.23 16:02;5;;
181;online;autocad-mep;Autodesk AutoCAD MEP;AutoCAD MEP;topics/AutoCAD-MEP;;;;;;;27.03.23 18:39;6;27.04.23 16:02;5;;;;
182;online;autodesk-fusion-360;Autodesk Fusion 360;Fusion 360;topics/autodesk-fusion-360;;;;;;;27.03.23 18:47;6;27.04.23 16:01;5;;;;
183;online;produktentwicklung-fertigungsplanung-autodesk-inventor-autocad-fusion-360;Produktentwicklung und Fertigungsplanung mit Autodesk Inventor, AutoCAD und Fusion 360;Autodesk Inventor, AutoCAD und Fusion 360;topics/autodesk-original;;;;;;;27.03.23 18:51;6;27.04.23 16:00;6;27.04.23 16:00;5;;
184;online;sage-50-connected;Sage 50 (Connected);Sage 50;topics/sage-50-connected;;;;;;;27.03.23 18:58;6;27.03.23 18:58;6;;;;
185;online;sage-100;Sage 100;Sage-100;topics/sage-100-rechnungswesen;;;;;;;27.03.23 19:02;6;27.04.23 16:01;5;;;;
186;online;sketch;Sketch;Sketch;topics/sketch;;;;;;;27.03.23 19:07;6;27.03.23 19:07;6;;;;
187;online;qlik-sense;Qlik Sense;Qlik Sense;topics/qlik-sense-anwender-innen;;;;;;;27.03.23 19:11;6;27.04.23 16:00;5;;;;
188;online;netzwerke;Netzwerke;Netzwerke;topics/netzwerke;;;;;;;28.03.23 17:53;6;22.05.23 14:38;5;;;;
189;online;microsoft-dynamics-nav;Microsoft Dynamics NAV;Dynamics NAV;topics/microsoft-dynamics-nav;;;;;;;28.03.23 17:59;6;28.03.23 17:59;6;;;;
190;online;print-layoutdesign-affinity-photo-publisher;Print- und Layoutdesign mit Affinity Photo und Affinity Publisher;Affinity Photo und Affinity Publisher;;;;;;;;28.03.23 18:01;6;27.04.23 16:00;6;27.04.23 16:00;5;;
191;online;jira-confluence;Jira & Confluence;Jira & Confluence;;;;;;;;28.03.23 18:13;6;27.04.23 16:02;6;27.04.23 16:02;5;;
192;online;coreldraw-graphic-suite;CorelDRAW Graphic Suite;CorelDRAW Graphic Suite;topics/coreldraw-graphic-suite;;;;;;;28.03.23 18:18;6;28.03.23 18:24;6;;;;
193;online;autodesk-vault;Autodesk Vault;Autodesk Vault;topics/autodesk-vault;;;;;;;28.03.23 18:21;6;28.03.23 18:24;6;;;;
194;online;autodesk-recap;Autodesk ReCap;Autodesk ReCap;topics/autodesk-recap;;;;;;;28.03.23 18:24;6;28.03.23 18:24;6;;;;
195;online;architektur-konstruktion-bauprojekte-autodesk-revit-autocad-civil3d;Architektur-, Konstruktions, und Bauprojekte mit Autodesk Revit, AutoCAD und Civil 3D;Autodesk Revit, AutoCAD und Civil 3D;;;;;;;;28.03.23 18:29;6;27.04.23 15:59;6;27.04.23 15:59;5;;
196;online;print-webdesign-affinity-photo-designer;Print- und Webdesign mit Affinity Photo und Affinity Designer;Affinity Photo und Affinity Designer;;;;;;;;28.03.23 19:40;6;27.04.23 15:59;6;27.04.23 15:59;5;;
197;online;user-experience-design;User Experience Design;UX-Design;topics/user-experience-usability-ux-ui-design;;;;;;;28.03.23 19:44;6;04.04.23 14:26;5;;;;
198;online;selbstmarketing-Freiberufler-innen-selbstständige;Selbstmarketing für Freiberufler:innen und Selbstständige;Selbstmarketing für Freiberufler:innen und Selbstständige;;;;;;;;28.03.23 19:47;6;27.04.23 15:59;6;27.04.23 15:59;5;;
199;online;probleme-erkennen-analysieren-lösen;Probleme erkennen, analysieren und lösen;Probleme erkennen, analysieren und lösen;;;;;;;;28.03.23 19:49;6;27.04.23 15:59;6;27.04.23 15:59;5;;
200;online;zeitmanagement-selbstmanagement;Zeitmanagement & Selbstmanagement;Zeitmanagement & Selbstmanagement;;;;;;;;28.03.23 19:51;6;27.04.23 15:59;6;27.04.23 15:59;5;;
201;online;konfliktmanagement-konflikte-vermeiden-lösen;Konfliktmanagement -Konfliktpotentiale erkennen, Konflikte vermeiden und lösen;Konfliktmanagement;;;;;;;;28.03.23 19:51;6;27.04.23 15:58;6;27.04.23 15:58;5;;
202;online;mentor-in-werden;Mentoring – Mentor:in werden;Mentoring;;;;;;;;28.03.23 19:52;6;27.04.23 15:39;6;27.04.23 15:39;5;;
203;online;lerne-selbst-zu-lernen;Lerne selbst zu lernen;Lerne selbst zu lernen;;;;;;;;28.03.23 19:53;6;27.04.23 15:39;6;27.04.23 15:39;5;;
204;online;selbstmarketing-karriereleiter-angestellte;Selbstmarketing als Karriereleiter für Angestellte;Selbstmarketing;;;;;;;;28.03.23 20:18;6;27.04.23 15:39;6;27.04.23 15:39;5;;
205;online;dein-auftritt-souverän-authentisch;Dein Auftritt – souverän und authentisch;Dein Auftritt – souverän und authentisch;;;;;;;;28.03.23 20:19;6;27.04.23 15:39;6;27.04.23 15:39;5;;
206;online;glücklicher-gesünder-achtsamkeit-akzeptanz;Glücklicher und gesünder mit Achtsamkeit und Akzeptanz;Glücklicher und gesünder mit Achtsamkeit und Akzeptanz;;;;;;;;28.03.23 20:19;6;27.04.23 15:39;6;27.04.23 15:39;5;;
207;online;emotionale-intelligenz-unternehmen;Emotionale Intelligenz und ihre Bedeutung im Unternehmen;Emotionale Intelligenz;;;;;;;;29.03.23 16:58;6;27.04.23 15:39;6;27.04.23 15:39;5;;
208;online;resilienz -stark-flexibel;Resilienz – werde stark und flexibel wie Bambus;Resilienz;;;;;;;;29.03.23 16:59;6;27.04.23 15:39;6;27.04.23 15:39;5;;
209;online;professionelle-feedbackgespräche;Professionelle Feedbackgespräche;Professionelle Feedbackgespräche;;;;;;;;29.03.23 16:59;6;27.04.23 15:39;6;27.04.23 15:39;5;;
210;online;rhetorik -überzeugend-authentisch;Grundlagen der Rhetorik – Überzeugend und authentisch reden;Grundlagen der Rhetorik;;;;;;;;29.03.23 17:00;6;27.04.23 15:39;6;27.04.23 15:39;5;;
211;online;lösungsorientiert-kommunizieren;Lösungsorientiert kommunizieren;Lösungsorientiert kommunizieren;;;;;;;;29.03.23 17:01;6;27.04.23 15:39;6;27.04.23 15:39;5;;
212;online;führungskraft-coach;Die Führungskraft als Coach;Die Führungskraft als Coach;;;;;;;;29.03.23 17:03;6;26.04.23 14:22;6;26.04.23 14:22;5;;
213;offline;trennungsgespräche-führen-vorbereiten;Trennungsgespräche professionell vorbereiten und  führen;Trennungsgespräche professionell vorbereiten und  führen;;;;;;;;29.03.23 17:03;6;26.04.23 14:22;6;26.04.23 14:22;5;;
214;online;openoffice;OpenOffice;OpenOffice;topics/openoffice;;;;;;;02.05.23 17:30;7;02.05.23 17:30;7;;;;
215;online;adobe-substance-3D-sampler;Adobe Substance 3D Sampler;Substance 3D Sampler;topics/adobe-substance-3D-sampler;;;;;;;02.05.23 18:23;7;02.05.23 18:23;7;;;;
216;online;adobe-substance-3d-designer;Adobe Substance 3D Designer;Substance 3D Designer;topics/adobe-substance-3d-designer;;;;;;;02.05.23 18:26;7;02.05.23 18:26;7;;;;
217;online;adobe-substance-3d-painter;Adobe Substance 3D Painter;Substance 3D Painter;topics/adobe-substance-3d-painter;;;;;;;02.05.23 18:32;7;02.05.23 18:32;7;;;;
218;online;adobe-substance-3d-collection;Adobe Substance 3D Collection;Substance 3D Collection;topics/adobe-substance-3d-collection;;;;;;;02.05.23 18:47;7;22.05.23 14:39;5;;;;
219;online;siemens-nx;Siemens NX;Siemens NX;topics/siemens-nx;;;;;;;02.05.23 19:04;7;02.05.23 19:04;7;;;;
220;online;creo-parametric;Creo Parametric;Creo Parametric;topics/creo-parametric;;;;;;;02.05.23 19:14;7;02.05.23 19:14;7;;;;
221;online;davinci-resolve;DaVinci Resolve;DaVinci Resolve;topics/davinci-resolve;;;;;;;02.05.23 19:15;7;02.05.23 19:15;7;;;;
222;online;adobe-premiere-rush;Adobe Premiere Rush;Premiere Rush;topics/adobe-premiere-rush;;;;;;;02.05.23 19:19;7;02.05.23 19:19;7;;;;
223;online;microsoft-power-automate;Microsoft Power Automate;Power Automate;topics/microsoft-power-automate;;;;;;;02.05.23 19:23;7;02.05.23 19:23;7;;;;
224;online;haskell;Haskell;Haskell;topics/haskell;;;;;;;02.05.23 19:26;7;02.05.23 19:26;7;;;;
225;online;figma;Figma;Figma;topics/figma;;;;;;;02.05.23 19:35;7;02.05.23 19:35;7;;;;
226;online;ethical-hacking;Ethical Hacking;Ethical Hacking;;;;;;;;03.05.23 17:13;7;03.05.23 17:13;7;;;;
227;online;matlab;Matlab;Matlab;topics/matlab;;;;;;;03.05.23 17:14;7;03.05.23 17:14;7;;;;
228;online;abap;ABAP;ABAP;topics/abap;;;;;;;03.05.23 17:18;7;22.05.23 14:43;5;;;;
229;online;zoom;Zoom;Zoom;topics/zoom;;;;;;;03.05.23 17:50;7;03.05.23 17:50;7;;;;
230;online;apple-iwork;Apple iWork;iWork;topics/apple-iwork;;;;;;;03.05.23 17:53;7;03.05.23 17:53;7;;;;
231;online;robotic-process-automation;Robotic Process Automation (RPA);RPA;topics/robotic-process-automation;;;;;;;03.05.23 18:13;7;03.05.23 18:13;7;;;;
232;online;kuenstliche-intelligenz;Künstliche Intelligenz;KI;topics/kuenstliche-intelligenz;;;;;;;03.05.23 18:17;7;22.05.23 14:44;5;;;;
233;online;keras;Keras;Keras;topics/keras;;;;;;;03.05.23 18:22;7;03.05.23 18:22;7;;;;
234;online;tensorflow;TensorFlow;TensorFlow;topics/tensorflow;;;;;;;03.05.23 18:24;7;03.05.23 18:24;7;;;;
235;online;flutter;Flutter;Flutter;topics/flutter;;;;;;;03.05.23 18:25;7;03.05.23 18:25;7;;;;
236;online;django;Django;Django;topics/django;;;;;;;03.05.23 18:31;7;03.05.23 18:31;7;;;;
237;online;cobra-crm;Cobra CRM;Cobra CRM;topics/cobra-crm;;;;;;;03.05.23 18:35;7;03.05.23 18:35;7;;;;
238;online;microsoft-power-platform;Microsoft Power Platform;Power Platform;topics/microsoft-power-platform;;;;;;;03.05.23 18:38;7;03.05.23 18:38;7;;;;
239;online;microsoft-power-apps;Microsoft Power Apps;Power Apps;topics/microsoft-power-apps;;;;;;;03.05.23 18:41;7;03.05.23 18:41;7;;;;
240;online;woocommerce;WooCommerce;WooCommerce;topics/woocommerce;;;;;;;03.05.23 18:43;7;03.05.23 18:43;7;;;;
241;online;canva;Canva;Canva;topics/canva;;;;;;;03.05.23 18:46;7;03.05.23 18:46;7;;;;
242;online;java-enterprise-edition;Java Enterprise Edition (Java EE);Java EE;topics/java-enterprise-edition;;;;;;;03.05.23 18:48;7;03.05.23 18:48;7;;;;
243;online;instagram;Instagram;Instagram;topics/instagram;;;;;;;03.05.23 18:53;7;03.05.23 18:53;7;;;;
244;online;web-usability;Web Usability;Web Usability;topics/usability.png;;;;;;;06.07.23 14:52;10;29.08.24 20:05;10;;;;
245;online;asana;Asana;Asana;topics/asana;;;;;;;07.07.23 15:43;7;29.08.24 14:57;10;;;;
246;online;adobe-incopy-anfaenger-innen;Adobe InCopy;InCopy;topics/adobe-incopy-anfaenger-innen;;;;;;;07.07.23 15:49;7;29.08.24 20:05;10;;;;
247;online;trello;Trello;Trello;topics/trello;;;;;;;07.07.23 15:55;7;29.08.24 20:06;10;;;;
248;online;windows-presentation-foundation-wpf;Windows Presentation Foundation (WPF);WPF;topics/windows-presentation-foundation-wpf;;;;;;;09.07.23 18:43;7;29.08.24 14:38;10;;;;
249;offline;altova-xmlspy-stylevision;Altova XMLSpy und Altova StyleVision;XMLSpy und StyleVision;topics/altova-xmlspy-stylevision;;;;;;;09.07.23 18:51;7;09.07.23 18:52;7;;;;
250;online;microsoft-powerpivot-grundlagen-datenmodellierung-dax-formeln;Microsoft PowerPivot;PowerPivot;topics/microsoft-powerpivot-grundlagen-datenmodellierung-dax-formeln;;;;;;;09.07.23 18:57;7;29.08.24 20:06;10;;;;
251;online;perl-grundlagen-aufbau;Perl;Perl;topics/perl-grundlagen-aufbau;;;;;;;09.07.23 19:18;7;29.08.24 20:07;10;;;;
252;online;autodesk-revit-bim-modellierung;Autodesk Revit - BIM-Modellierung;Revit - BIM-Modellierung;topics/autodesk-revit-bim-modellierung;;;;;;;09.07.23 19:21;7;29.08.24 20:07;10;;;;
253;online;autodesk-revit-architecture-grundlagen-aufbau;Autodesk Revit Architecture;Revit Architecture;topics/autodesk-revit-architecture-grundlagen-aufbau;;;;;;;09.07.23 19:23;7;29.08.24 20:07;10;;;;
254;online;shopify;Shopify;Shopify;topics/shopify;;;;;;;09.07.23 19:25;7;29.08.24 20:08;10;;;;
255;online;microsoft-planner;Microsoft Planner;Planner;topics/microsoft-planner;;;;;;;09.07.23 19:28;7;29.08.24 20:14;10;;;;
256;online;social-media;Social Media;Social Media;topics/social-media;;;;;;;09.07.23 19:31;7;29.08.24 20:03;10;;;;
257;online;professionelle-internetrecherche;Professionelle Internetrecherche;Professionelle Internetrecherche;topics/professionelle-internetrecherche;;;;;;;09.07.23 19:34;7;29.08.24 20:14;10;;;;
258;online;microsoft-copilot;Microsoft Copilot;Copilot;topics/copilot;;;;;;;13.11.24 19:58;10;13.11.24 20:50;10;;;;Erfahre, wie du mit Microsoft Copilot die Produktivität steigern und Arbeitsprozesse automatisieren kannst. Entdecke Tipps und Schulungen zur optimalen Nutzung von Microsoft 365 Copilot für Datenanalysen, Teamarbeit und effiziente Workflows.